11111,1,1,1,1,1
11112,1,1,1,1,2
11113,1,1,1,1,3
11114,1,1,1,1,4
11115,1,1,1,1,5
11121,1,1,1,2,1
11122,1,1,1,2,2
11123,1,1,1,2,3
11124,1,1,1,2,4
11125,1,1,1,2,5
11131,1,1,1,3,1
11132,1,1,1,3,2
11133,1,1,1,3,3
11134,1,1,1,3,4
11135,1,1,1,3,5
11141,1,1,1,4,1
11142,1,1,1,4,2
11143,1,1,1,4,3
11144,1,1,1,4,4
11145,1,1,1,4,5
11151,1,1,1,5,1
11152,1,1,1,5,2
11153,1,1,1,5,3
11154,1,1,1,5,4
11155,1,1,1,5,5
11211,1,1,2,1,1
11212,1,1,2,1,2
11213,1,1,2,1,3
11214,1,1,2,1,4
11215,1,1,2,1,5
11221,1,1,2,2,1
11222,1,1,2,2,2
11223,1,1,2,2,3
11224,1,1,2,2,4
11225,1,1,2,2,5
11231,1,1,2,3,1
11232,1,1,2,3,2
11233,1,1,2,3,3
11234,1,1,2,3,4
11235,1,1,2,3,5
11241,1,1,2,4,1
11242,1,1,2,4,2
11243,1,1,2,4,3
11244,1,1,2,4,4
11245,1,1,2,4,5
11251,1,1,2,5,1
11252,1,1,2,5,2
11253,1,1,2,5,3
11254,1,1,2,5,4
11255,1,1,2,5,5
11311,1,1,3,1,1
11312,1,1,3,1,2
11313,1,1,3,1,3
11314,1,1,3,1,4
11315,1,1,3,1,5
11321,1,1,3,2,1
11322,1,1,3,2,2
11323,1,1,3,2,3
11324,1,1,3,2,4
11325,1,1,3,2,5
11331,1,1,3,3,1
11332,1,1,3,3,2
11333,1,1,3,3,3
11334,1,1,3,3,4
11335,1,1,3,3,5
11341,1,1,3,4,1
11342,1,1,3,4,2
11343,1,1,3,4,3
11344,1,1,3,4,4
11345,1,1,3,4,5
11351,1,1,3,5,1
11352,1,1,3,5,2
11353,1,1,3,5,3
11354,1,1,3,5,4
11355,1,1,3,5,5
11411,1,1,4,1,1
11412,1,1,4,1,2
11413,1,1,4,1,3
11414,1,1,4,1,4
11415,1,1,4,1,5
11421,1,1,4,2,1
11422,1,1,4,2,2
11423,1,1,4,2,3
11424,1,1,4,2,4
11425,1,1,4,2,5
11431,1,1,4,3,1
11432,1,1,4,3,2
11433,1,1,4,3,3
11434,1,1,4,3,4
11435,1,1,4,3,5
11441,1,1,4,4,1
11442,1,1,4,4,2
11443,1,1,4,4,3
11444,1,1,4,4,4
11445,1,1,4,4,5
11451,1,1,4,5,1
11452,1,1,4,5,2
11453,1,1,4,5,3
11454,1,1,4,5,4
11455,1,1,4,5,5
11511,1,1,5,1,1
11512,1,1,5,1,2
11513,1,1,5,1,3
11514,1,1,5,1,4
11515,1,1,5,1,5
11521,1,1,5,2,1
11522,1,1,5,2,2
11523,1,1,5,2,3
11524,1,1,5,2,4
11525,1,1,5,2,5
11531,1,1,5,3,1
11532,1,1,5,3,2
11533,1,1,5,3,3
11534,1,1,5,3,4
11535,1,1,5,3,5
11541,1,1,5,4,1
11542,1,1,5,4,2
11543,1,1,5,4,3
11544,1,1,5,4,4
11545,1,1,5,4,5
11551,1,1,5,5,1
11552,1,1,5,5,2
11553,1,1,5,5,3
11554,1,1,5,5,4
11555,1,1,5,5,5
12111,1,2,1,1,1
12112,1,2,1,1,2
12113,1,2,1,1,3
12114,1,2,1,1,4
12115,1,2,1,1,5
12121,1,2,1,2,1
12122,1,2,1,2,2
12123,1,2,1,2,3
12124,1,2,1,2,4
12125,1,2,1,2,5
12131,1,2,1,3,1
12132,1,2,1,3,2
12133,1,2,1,3,3
12134,1,2,1,3,4
12135,1,2,1,3,5
12141,1,2,1,4,1
12142,1,2,1,4,2
12143,1,2,1,4,3
12144,1,2,1,4,4
12145,1,2,1,4,5
12151,1,2,1,5,1
12152,1,2,1,5,2
12153,1,2,1,5,3
12154,1,2,1,5,4
12155,1,2,1,5,5
12211,1,2,2,1,1
12212,1,2,2,1,2
12213,1,2,2,1,3
12214,1,2,2,1,4
12215,1,2,2,1,5
12221,1,2,2,2,1
12222,1,2,2,2,2
12223,1,2,2,2,3
12224,1,2,2,2,4
12225,1,2,2,2,5
12231,1,2,2,3,1
12232,1,2,2,3,2
12233,1,2,2,3,3
12234,1,2,2,3,4
12235,1,2,2,3,5
12241,1,2,2,4,1
12242,1,2,2,4,2
12243,1,2,2,4,3
12244,1,2,2,4,4
12245,1,2,2,4,5
12251,1,2,2,5,1
12252,1,2,2,5,2
12253,1,2,2,5,3
12254,1,2,2,5,4
12255,1,2,2,5,5
12311,1,2,3,1,1
12312,1,2,3,1,2
12313,1,2,3,1,3
12314,1,2,3,1,4
12315,1,2,3,1,5
12321,1,2,3,2,1
12322,1,2,3,2,2
12323,1,2,3,2,3
12324,1,2,3,2,4
12325,1,2,3,2,5
12331,1,2,3,3,1
12332,1,2,3,3,2
12333,1,2,3,3,3
12334,1,2,3,3,4
12335,1,2,3,3,5
12341,1,2,3,4,1
12342,1,2,3,4,2
12343,1,2,3,4,3
12344,1,2,3,4,4
12345,1,2,3,4,5
12351,1,2,3,5,1
12352,1,2,3,5,2
12353,1,2,3,5,3
12354,1,2,3,5,4
12355,1,2,3,5,5
12411,1,2,4,1,1
12412,1,2,4,1,2
12413,1,2,4,1,3
12414,1,2,4,1,4
12415,1,2,4,1,5
12421,1,2,4,2,1
12422,1,2,4,2,2
12423,1,2,4,2,3
12424,1,2,4,2,4
12425,1,2,4,2,5
12431,1,2,4,3,1
12432,1,2,4,3,2
12433,1,2,4,3,3
12434,1,2,4,3,4
12435,1,2,4,3,5
12441,1,2,4,4,1
12442,1,2,4,4,2
12443,1,2,4,4,3
12444,1,2,4,4,4
12445,1,2,4,4,5
12451,1,2,4,5,1
12452,1,2,4,5,2
12453,1,2,4,5,3
12454,1,2,4,5,4
12455,1,2,4,5,5
12511,1,2,5,1,1
12512,1,2,5,1,2
12513,1,2,5,1,3
12514,1,2,5,1,4
12515,1,2,5,1,5
12521,1,2,5,2,1
12522,1,2,5,2,2
12523,1,2,5,2,3
12524,1,2,5,2,4
12525,1,2,5,2,5
12531,1,2,5,3,1
12532,1,2,5,3,2
12533,1,2,5,3,3
12534,1,2,5,3,4
12535,1,2,5,3,5
12541,1,2,5,4,1
12542,1,2,5,4,2
12543,1,2,5,4,3
12544,1,2,5,4,4
12545,1,2,5,4,5
12551,1,2,5,5,1
12552,1,2,5,5,2
12553,1,2,5,5,3
12554,1,2,5,5,4
12555,1,2,5,5,5
13111,1,3,1,1,1
13112,1,3,1,1,2
13113,1,3,1,1,3
13114,1,3,1,1,4
13115,1,3,1,1,5
13121,1,3,1,2,1
13122,1,3,1,2,2
13123,1,3,1,2,3
13124,1,3,1,2,4
13125,1,3,1,2,5
13131,1,3,1,3,1
13132,1,3,1,3,2
13133,1,3,1,3,3
13134,1,3,1,3,4
13135,1,3,1,3,5
13141,1,3,1,4,1
13142,1,3,1,4,2
13143,1,3,1,4,3
13144,1,3,1,4,4
13145,1,3,1,4,5
13151,1,3,1,5,1
13152,1,3,1,5,2
13153,1,3,1,5,3
13154,1,3,1,5,4
13155,1,3,1,5,5
13211,1,3,2,1,1
13212,1,3,2,1,2
13213,1,3,2,1,3
13214,1,3,2,1,4
13215,1,3,2,1,5
13221,1,3,2,2,1
13222,1,3,2,2,2
13223,1,3,2,2,3
13224,1,3,2,2,4
13225,1,3,2,2,5
13231,1,3,2,3,1
13232,1,3,2,3,2
13233,1,3,2,3,3
13234,1,3,2,3,4
13235,1,3,2,3,5
13241,1,3,2,4,1
13242,1,3,2,4,2
13243,1,3,2,4,3
13244,1,3,2,4,4
13245,1,3,2,4,5
13251,1,3,2,5,1
13252,1,3,2,5,2
13253,1,3,2,5,3
13254,1,3,2,5,4
13255,1,3,2,5,5
13311,1,3,3,1,1
13312,1,3,3,1,2
13313,1,3,3,1,3
13314,1,3,3,1,4
13315,1,3,3,1,5
13321,1,3,3,2,1
13322,1,3,3,2,2
13323,1,3,3,2,3
13324,1,3,3,2,4
13325,1,3,3,2,5
13331,1,3,3,3,1
13332,1,3,3,3,2
13333,1,3,3,3,3
13334,1,3,3,3,4
13335,1,3,3,3,5
13341,1,3,3,4,1
13342,1,3,3,4,2
13343,1,3,3,4,3
13344,1,3,3,4,4
13345,1,3,3,4,5
13351,1,3,3,5,1
13352,1,3,3,5,2
13353,1,3,3,5,3
13354,1,3,3,5,4
13355,1,3,3,5,5
13411,1,3,4,1,1
13412,1,3,4,1,2
13413,1,3,4,1,3
13414,1,3,4,1,4
13415,1,3,4,1,5
13421,1,3,4,2,1
13422,1,3,4,2,2
13423,1,3,4,2,3
13424,1,3,4,2,4
13425,1,3,4,2,5
13431,1,3,4,3,1
13432,1,3,4,3,2
13433,1,3,4,3,3
13434,1,3,4,3,4
13435,1,3,4,3,5
13441,1,3,4,4,1
13442,1,3,4,4,2
13443,1,3,4,4,3
13444,1,3,4,4,4
13445,1,3,4,4,5
13451,1,3,4,5,1
13452,1,3,4,5,2
13453,1,3,4,5,3
13454,1,3,4,5,4
13455,1,3,4,5,5
13511,1,3,5,1,1
13512,1,3,5,1,2
13513,1,3,5,1,3
13514,1,3,5,1,4
13515,1,3,5,1,5
13521,1,3,5,2,1
13522,1,3,5,2,2
13523,1,3,5,2,3
13524,1,3,5,2,4
13525,1,3,5,2,5
13531,1,3,5,3,1
13532,1,3,5,3,2
13533,1,3,5,3,3
13534,1,3,5,3,4
13535,1,3,5,3,5
13541,1,3,5,4,1
13542,1,3,5,4,2
13543,1,3,5,4,3
13544,1,3,5,4,4
13545,1,3,5,4,5
13551,1,3,5,5,1
13552,1,3,5,5,2
13553,1,3,5,5,3
13554,1,3,5,5,4
13555,1,3,5,5,5
14111,1,4,1,1,1
14112,1,4,1,1,2
14113,1,4,1,1,3
14114,1,4,1,1,4
14115,1,4,1,1,5
14121,1,4,1,2,1
14122,1,4,1,2,2
14123,1,4,1,2,3
14124,1,4,1,2,4
14125,1,4,1,2,5
14131,1,4,1,3,1
14132,1,4,1,3,2
14133,1,4,1,3,3
14134,1,4,1,3,4
14135,1,4,1,3,5
14141,1,4,1,4,1
14142,1,4,1,4,2
14143,1,4,1,4,3
14144,1,4,1,4,4
14145,1,4,1,4,5
14151,1,4,1,5,1
14152,1,4,1,5,2
14153,1,4,1,5,3
14154,1,4,1,5,4
14155,1,4,1,5,5
14211,1,4,2,1,1
14212,1,4,2,1,2
14213,1,4,2,1,3
14214,1,4,2,1,4
14215,1,4,2,1,5
14221,1,4,2,2,1
14222,1,4,2,2,2
14223,1,4,2,2,3
14224,1,4,2,2,4
14225,1,4,2,2,5
14231,1,4,2,3,1
14232,1,4,2,3,2
14233,1,4,2,3,3
14234,1,4,2,3,4
14235,1,4,2,3,5
14241,1,4,2,4,1
14242,1,4,2,4,2
14243,1,4,2,4,3
14244,1,4,2,4,4
14245,1,4,2,4,5
14251,1,4,2,5,1
14252,1,4,2,5,2
14253,1,4,2,5,3
14254,1,4,2,5,4
14255,1,4,2,5,5
14311,1,4,3,1,1
14312,1,4,3,1,2
14313,1,4,3,1,3
14314,1,4,3,1,4
14315,1,4,3,1,5
14321,1,4,3,2,1
14322,1,4,3,2,2
14323,1,4,3,2,3
14324,1,4,3,2,4
14325,1,4,3,2,5
14331,1,4,3,3,1
14332,1,4,3,3,2
14333,1,4,3,3,3
14334,1,4,3,3,4
14335,1,4,3,3,5
14341,1,4,3,4,1
14342,1,4,3,4,2
14343,1,4,3,4,3
14344,1,4,3,4,4
14345,1,4,3,4,5
14351,1,4,3,5,1
14352,1,4,3,5,2
14353,1,4,3,5,3
14354,1,4,3,5,4
14355,1,4,3,5,5
14411,1,4,4,1,1
14412,1,4,4,1,2
14413,1,4,4,1,3
14414,1,4,4,1,4
14415,1,4,4,1,5
14421,1,4,4,2,1
14422,1,4,4,2,2
14423,1,4,4,2,3
14424,1,4,4,2,4
14425,1,4,4,2,5
14431,1,4,4,3,1
14432,1,4,4,3,2
14433,1,4,4,3,3
14434,1,4,4,3,4
14435,1,4,4,3,5
14441,1,4,4,4,1
14442,1,4,4,4,2
14443,1,4,4,4,3
14444,1,4,4,4,4
14445,1,4,4,4,5
14451,1,4,4,5,1
14452,1,4,4,5,2
14453,1,4,4,5,3
14454,1,4,4,5,4
14455,1,4,4,5,5
14511,1,4,5,1,1
14512,1,4,5,1,2
14513,1,4,5,1,3
14514,1,4,5,1,4
14515,1,4,5,1,5
14521,1,4,5,2,1
14522,1,4,5,2,2
14523,1,4,5,2,3
14524,1,4,5,2,4
14525,1,4,5,2,5
14531,1,4,5,3,1
14532,1,4,5,3,2
14533,1,4,5,3,3
14534,1,4,5,3,4
14535,1,4,5,3,5
14541,1,4,5,4,1
14542,1,4,5,4,2
14543,1,4,5,4,3
14544,1,4,5,4,4
14545,1,4,5,4,5
14551,1,4,5,5,1
14552,1,4,5,5,2
14553,1,4,5,5,3
14554,1,4,5,5,4
14555,1,4,5,5,5
15111,1,5,1,1,1
15112,1,5,1,1,2
15113,1,5,1,1,3
15114,1,5,1,1,4
15115,1,5,1,1,5
15121,1,5,1,2,1
15122,1,5,1,2,2
15123,1,5,1,2,3
15124,1,5,1,2,4
15125,1,5,1,2,5
15131,1,5,1,3,1
15132,1,5,1,3,2
15133,1,5,1,3,3
15134,1,5,1,3,4
15135,1,5,1,3,5
15141,1,5,1,4,1
15142,1,5,1,4,2
15143,1,5,1,4,3
15144,1,5,1,4,4
15145,1,5,1,4,5
15151,1,5,1,5,1
15152,1,5,1,5,2
15153,1,5,1,5,3
15154,1,5,1,5,4
15155,1,5,1,5,5
15211,1,5,2,1,1
15212,1,5,2,1,2
15213,1,5,2,1,3
15214,1,5,2,1,4
15215,1,5,2,1,5
15221,1,5,2,2,1
15222,1,5,2,2,2
15223,1,5,2,2,3
15224,1,5,2,2,4
15225,1,5,2,2,5
15231,1,5,2,3,1
15232,1,5,2,3,2
15233,1,5,2,3,3
15234,1,5,2,3,4
15235,1,5,2,3,5
15241,1,5,2,4,1
15242,1,5,2,4,2
15243,1,5,2,4,3
15244,1,5,2,4,4
15245,1,5,2,4,5
15251,1,5,2,5,1
15252,1,5,2,5,2
15253,1,5,2,5,3
15254,1,5,2,5,4
15255,1,5,2,5,5
15311,1,5,3,1,1
15312,1,5,3,1,2
15313,1,5,3,1,3
15314,1,5,3,1,4
15315,1,5,3,1,5
15321,1,5,3,2,1
15322,1,5,3,2,2
15323,1,5,3,2,3
15324,1,5,3,2,4
15325,1,5,3,2,5
15331,1,5,3,3,1
15332,1,5,3,3,2
15333,1,5,3,3,3
15334,1,5,3,3,4
15335,1,5,3,3,5
15341,1,5,3,4,1
15342,1,5,3,4,2
15343,1,5,3,4,3
15344,1,5,3,4,4
15345,1,5,3,4,5
15351,1,5,3,5,1
15352,1,5,3,5,2
15353,1,5,3,5,3
15354,1,5,3,5,4
15355,1,5,3,5,5
15411,1,5,4,1,1
15412,1,5,4,1,2
15413,1,5,4,1,3
15414,1,5,4,1,4
15415,1,5,4,1,5
15421,1,5,4,2,1
15422,1,5,4,2,2
15423,1,5,4,2,3
15424,1,5,4,2,4
15425,1,5,4,2,5
15431,1,5,4,3,1
15432,1,5,4,3,2
15433,1,5,4,3,3
15434,1,5,4,3,4
15435,1,5,4,3,5
15441,1,5,4,4,1
15442,1,5,4,4,2
15443,1,5,4,4,3
15444,1,5,4,4,4
15445,1,5,4,4,5
15451,1,5,4,5,1
15452,1,5,4,5,2
15453,1,5,4,5,3
15454,1,5,4,5,4
15455,1,5,4,5,5
15511,1,5,5,1,1
15512,1,5,5,1,2
15513,1,5,5,1,3
15514,1,5,5,1,4
15515,1,5,5,1,5
15521,1,5,5,2,1
15522,1,5,5,2,2
15523,1,5,5,2,3
15524,1,5,5,2,4
15525,1,5,5,2,5
15531,1,5,5,3,1
15532,1,5,5,3,2
15533,1,5,5,3,3
15534,1,5,5,3,4
15535,1,5,5,3,5
15541,1,5,5,4,1
15542,1,5,5,4,2
15543,1,5,5,4,3
15544,1,5,5,4,4
15545,1,5,5,4,5
15551,1,5,5,5,1
15552,1,5,5,5,2
15553,1,5,5,5,3
15554,1,5,5,5,4
15555,1,5,5,5,5
21111,2,1,1,1,1
21112,2,1,1,1,2
21113,2,1,1,1,3
21114,2,1,1,1,4
21115,2,1,1,1,5
21121,2,1,1,2,1
21122,2,1,1,2,2
21123,2,1,1,2,3
21124,2,1,1,2,4
21125,2,1,1,2,5
21131,2,1,1,3,1
21132,2,1,1,3,2
21133,2,1,1,3,3
21134,2,1,1,3,4
21135,2,1,1,3,5
21141,2,1,1,4,1
21142,2,1,1,4,2
21143,2,1,1,4,3
21144,2,1,1,4,4
21145,2,1,1,4,5
21151,2,1,1,5,1
21152,2,1,1,5,2
21153,2,1,1,5,3
21154,2,1,1,5,4
21155,2,1,1,5,5
21211,2,1,2,1,1
21212,2,1,2,1,2
21213,2,1,2,1,3
21214,2,1,2,1,4
21215,2,1,2,1,5
21221,2,1,2,2,1
21222,2,1,2,2,2
21223,2,1,2,2,3
21224,2,1,2,2,4
21225,2,1,2,2,5
21231,2,1,2,3,1
21232,2,1,2,3,2
21233,2,1,2,3,3
21234,2,1,2,3,4
21235,2,1,2,3,5
21241,2,1,2,4,1
21242,2,1,2,4,2
21243,2,1,2,4,3
21244,2,1,2,4,4
21245,2,1,2,4,5
21251,2,1,2,5,1
21252,2,1,2,5,2
21253,2,1,2,5,3
21254,2,1,2,5,4
21255,2,1,2,5,5
21311,2,1,3,1,1
21312,2,1,3,1,2
21313,2,1,3,1,3
21314,2,1,3,1,4
21315,2,1,3,1,5
21321,2,1,3,2,1
21322,2,1,3,2,2
21323,2,1,3,2,3
21324,2,1,3,2,4
21325,2,1,3,2,5
21331,2,1,3,3,1
21332,2,1,3,3,2
21333,2,1,3,3,3
21334,2,1,3,3,4
21335,2,1,3,3,5
21341,2,1,3,4,1
21342,2,1,3,4,2
21343,2,1,3,4,3
21344,2,1,3,4,4
21345,2,1,3,4,5
21351,2,1,3,5,1
21352,2,1,3,5,2
21353,2,1,3,5,3
21354,2,1,3,5,4
21355,2,1,3,5,5
21411,2,1,4,1,1
21412,2,1,4,1,2
21413,2,1,4,1,3
21414,2,1,4,1,4
21415,2,1,4,1,5
21421,2,1,4,2,1
21422,2,1,4,2,2
21423,2,1,4,2,3
21424,2,1,4,2,4
21425,2,1,4,2,5
21431,2,1,4,3,1
21432,2,1,4,3,2
21433,2,1,4,3,3
21434,2,1,4,3,4
21435,2,1,4,3,5
21441,2,1,4,4,1
21442,2,1,4,4,2
21443,2,1,4,4,3
21444,2,1,4,4,4
21445,2,1,4,4,5
21451,2,1,4,5,1
21452,2,1,4,5,2
21453,2,1,4,5,3
21454,2,1,4,5,4
21455,2,1,4,5,5
21511,2,1,5,1,1
21512,2,1,5,1,2
21513,2,1,5,1,3
21514,2,1,5,1,4
21515,2,1,5,1,5
21521,2,1,5,2,1
21522,2,1,5,2,2
21523,2,1,5,2,3
21524,2,1,5,2,4
21525,2,1,5,2,5
21531,2,1,5,3,1
21532,2,1,5,3,2
21533,2,1,5,3,3
21534,2,1,5,3,4
21535,2,1,5,3,5
21541,2,1,5,4,1
21542,2,1,5,4,2
21543,2,1,5,4,3
21544,2,1,5,4,4
21545,2,1,5,4,5
21551,2,1,5,5,1
21552,2,1,5,5,2
21553,2,1,5,5,3
21554,2,1,5,5,4
21555,2,1,5,5,5
22111,2,2,1,1,1
22112,2,2,1,1,2
22113,2,2,1,1,3
22114,2,2,1,1,4
22115,2,2,1,1,5
22121,2,2,1,2,1
22122,2,2,1,2,2
22123,2,2,1,2,3
22124,2,2,1,2,4
22125,2,2,1,2,5
22131,2,2,1,3,1
22132,2,2,1,3,2
22133,2,2,1,3,3
22134,2,2,1,3,4
22135,2,2,1,3,5
22141,2,2,1,4,1
22142,2,2,1,4,2
22143,2,2,1,4,3
22144,2,2,1,4,4
22145,2,2,1,4,5
22151,2,2,1,5,1
22152,2,2,1,5,2
22153,2,2,1,5,3
22154,2,2,1,5,4
22155,2,2,1,5,5
22211,2,2,2,1,1
22212,2,2,2,1,2
22213,2,2,2,1,3
22214,2,2,2,1,4
22215,2,2,2,1,5
22221,2,2,2,2,1
22222,2,2,2,2,2
22223,2,2,2,2,3
22224,2,2,2,2,4
22225,2,2,2,2,5
22231,2,2,2,3,1
22232,2,2,2,3,2
22233,2,2,2,3,3
22234,2,2,2,3,4
22235,2,2,2,3,5
22241,2,2,2,4,1
22242,2,2,2,4,2
22243,2,2,2,4,3
22244,2,2,2,4,4
22245,2,2,2,4,5
22251,2,2,2,5,1
22252,2,2,2,5,2
22253,2,2,2,5,3
22254,2,2,2,5,4
22255,2,2,2,5,5
22311,2,2,3,1,1
22312,2,2,3,1,2
22313,2,2,3,1,3
22314,2,2,3,1,4
22315,2,2,3,1,5
22321,2,2,3,2,1
22322,2,2,3,2,2
22323,2,2,3,2,3
22324,2,2,3,2,4
22325,2,2,3,2,5
22331,2,2,3,3,1
22332,2,2,3,3,2
22333,2,2,3,3,3
22334,2,2,3,3,4
22335,2,2,3,3,5
22341,2,2,3,4,1
22342,2,2,3,4,2
22343,2,2,3,4,3
22344,2,2,3,4,4
22345,2,2,3,4,5
22351,2,2,3,5,1
22352,2,2,3,5,2
22353,2,2,3,5,3
22354,2,2,3,5,4
22355,2,2,3,5,5
22411,2,2,4,1,1
22412,2,2,4,1,2
22413,2,2,4,1,3
22414,2,2,4,1,4
22415,2,2,4,1,5
22421,2,2,4,2,1
22422,2,2,4,2,2
22423,2,2,4,2,3
22424,2,2,4,2,4
22425,2,2,4,2,5
22431,2,2,4,3,1
22432,2,2,4,3,2
22433,2,2,4,3,3
22434,2,2,4,3,4
22435,2,2,4,3,5
22441,2,2,4,4,1
22442,2,2,4,4,2
22443,2,2,4,4,3
22444,2,2,4,4,4
22445,2,2,4,4,5
22451,2,2,4,5,1
22452,2,2,4,5,2
22453,2,2,4,5,3
22454,2,2,4,5,4
22455,2,2,4,5,5
22511,2,2,5,1,1
22512,2,2,5,1,2
22513,2,2,5,1,3
22514,2,2,5,1,4
22515,2,2,5,1,5
22521,2,2,5,2,1
22522,2,2,5,2,2
22523,2,2,5,2,3
22524,2,2,5,2,4
22525,2,2,5,2,5
22531,2,2,5,3,1
22532,2,2,5,3,2
22533,2,2,5,3,3
22534,2,2,5,3,4
22535,2,2,5,3,5
22541,2,2,5,4,1
22542,2,2,5,4,2
22543,2,2,5,4,3
22544,2,2,5,4,4
22545,2,2,5,4,5
22551,2,2,5,5,1
22552,2,2,5,5,2
22553,2,2,5,5,3
22554,2,2,5,5,4
22555,2,2,5,5,5
23111,2,3,1,1,1
23112,2,3,1,1,2
23113,2,3,1,1,3
23114,2,3,1,1,4
23115,2,3,1,1,5
23121,2,3,1,2,1
23122,2,3,1,2,2
23123,2,3,1,2,3
23124,2,3,1,2,4
23125,2,3,1,2,5
23131,2,3,1,3,1
23132,2,3,1,3,2
23133,2,3,1,3,3
23134,2,3,1,3,4
23135,2,3,1,3,5
23141,2,3,1,4,1
23142,2,3,1,4,2
23143,2,3,1,4,3
23144,2,3,1,4,4
23145,2,3,1,4,5
23151,2,3,1,5,1
23152,2,3,1,5,2
23153,2,3,1,5,3
23154,2,3,1,5,4
23155,2,3,1,5,5
23211,2,3,2,1,1
23212,2,3,2,1,2
23213,2,3,2,1,3
23214,2,3,2,1,4
23215,2,3,2,1,5
23221,2,3,2,2,1
23222,2,3,2,2,2
23223,2,3,2,2,3
23224,2,3,2,2,4
23225,2,3,2,2,5
23231,2,3,2,3,1
23232,2,3,2,3,2
23233,2,3,2,3,3
23234,2,3,2,3,4
23235,2,3,2,3,5
23241,2,3,2,4,1
23242,2,3,2,4,2
23243,2,3,2,4,3
23244,2,3,2,4,4
23245,2,3,2,4,5
23251,2,3,2,5,1
23252,2,3,2,5,2
23253,2,3,2,5,3
23254,2,3,2,5,4
23255,2,3,2,5,5
23311,2,3,3,1,1
23312,2,3,3,1,2
23313,2,3,3,1,3
23314,2,3,3,1,4
23315,2,3,3,1,5
23321,2,3,3,2,1
23322,2,3,3,2,2
23323,2,3,3,2,3
23324,2,3,3,2,4
23325,2,3,3,2,5
23331,2,3,3,3,1
23332,2,3,3,3,2
23333,2,3,3,3,3
23334,2,3,3,3,4
23335,2,3,3,3,5
23341,2,3,3,4,1
23342,2,3,3,4,2
23343,2,3,3,4,3
23344,2,3,3,4,4
23345,2,3,3,4,5
23351,2,3,3,5,1
23352,2,3,3,5,2
23353,2,3,3,5,3
23354,2,3,3,5,4
23355,2,3,3,5,5
23411,2,3,4,1,1
23412,2,3,4,1,2
23413,2,3,4,1,3
23414,2,3,4,1,4
23415,2,3,4,1,5
23421,2,3,4,2,1
23422,2,3,4,2,2
23423,2,3,4,2,3
23424,2,3,4,2,4
23425,2,3,4,2,5
23431,2,3,4,3,1
23432,2,3,4,3,2
23433,2,3,4,3,3
23434,2,3,4,3,4
23435,2,3,4,3,5
23441,2,3,4,4,1
23442,2,3,4,4,2
23443,2,3,4,4,3
23444,2,3,4,4,4
23445,2,3,4,4,5
23451,2,3,4,5,1
23452,2,3,4,5,2
23453,2,3,4,5,3
23454,2,3,4,5,4
23455,2,3,4,5,5
23511,2,3,5,1,1
23512,2,3,5,1,2
23513,2,3,5,1,3
23514,2,3,5,1,4
23515,2,3,5,1,5
23521,2,3,5,2,1
23522,2,3,5,2,2
23523,2,3,5,2,3
23524,2,3,5,2,4
23525,2,3,5,2,5
23531,2,3,5,3,1
23532,2,3,5,3,2
23533,2,3,5,3,3
23534,2,3,5,3,4
23535,2,3,5,3,5
23541,2,3,5,4,1
23542,2,3,5,4,2
23543,2,3,5,4,3
23544,2,3,5,4,4
23545,2,3,5,4,5
23551,2,3,5,5,1
23552,2,3,5,5,2
23553,2,3,5,5,3
23554,2,3,5,5,4
23555,2,3,5,5,5
24111,2,4,1,1,1
24112,2,4,1,1,2
24113,2,4,1,1,3
24114,2,4,1,1,4
24115,2,4,1,1,5
24121,2,4,1,2,1
24122,2,4,1,2,2
24123,2,4,1,2,3
24124,2,4,1,2,4
24125,2,4,1,2,5
24131,2,4,1,3,1
24132,2,4,1,3,2
24133,2,4,1,3,3
24134,2,4,1,3,4
24135,2,4,1,3,5
24141,2,4,1,4,1
24142,2,4,1,4,2
24143,2,4,1,4,3
24144,2,4,1,4,4
24145,2,4,1,4,5
24151,2,4,1,5,1
24152,2,4,1,5,2
24153,2,4,1,5,3
24154,2,4,1,5,4
24155,2,4,1,5,5
24211,2,4,2,1,1
24212,2,4,2,1,2
24213,2,4,2,1,3
24214,2,4,2,1,4
24215,2,4,2,1,5
24221,2,4,2,2,1
24222,2,4,2,2,2
24223,2,4,2,2,3
24224,2,4,2,2,4
24225,2,4,2,2,5
24231,2,4,2,3,1
24232,2,4,2,3,2
24233,2,4,2,3,3
24234,2,4,2,3,4
24235,2,4,2,3,5
24241,2,4,2,4,1
24242,2,4,2,4,2
24243,2,4,2,4,3
24244,2,4,2,4,4
24245,2,4,2,4,5
24251,2,4,2,5,1
24252,2,4,2,5,2
24253,2,4,2,5,3
24254,2,4,2,5,4
24255,2,4,2,5,5
24311,2,4,3,1,1
24312,2,4,3,1,2
24313,2,4,3,1,3
24314,2,4,3,1,4
24315,2,4,3,1,5
24321,2,4,3,2,1
24322,2,4,3,2,2
24323,2,4,3,2,3
24324,2,4,3,2,4
24325,2,4,3,2,5
24331,2,4,3,3,1
24332,2,4,3,3,2
24333,2,4,3,3,3
24334,2,4,3,3,4
24335,2,4,3,3,5
24341,2,4,3,4,1
24342,2,4,3,4,2
24343,2,4,3,4,3
24344,2,4,3,4,4
24345,2,4,3,4,5
24351,2,4,3,5,1
24352,2,4,3,5,2
24353,2,4,3,5,3
24354,2,4,3,5,4
24355,2,4,3,5,5
24411,2,4,4,1,1
24412,2,4,4,1,2
24413,2,4,4,1,3
24414,2,4,4,1,4
24415,2,4,4,1,5
24421,2,4,4,2,1
24422,2,4,4,2,2
24423,2,4,4,2,3
24424,2,4,4,2,4
24425,2,4,4,2,5
24431,2,4,4,3,1
24432,2,4,4,3,2
24433,2,4,4,3,3
24434,2,4,4,3,4
24435,2,4,4,3,5
24441,2,4,4,4,1
24442,2,4,4,4,2
24443,2,4,4,4,3
24444,2,4,4,4,4
24445,2,4,4,4,5
24451,2,4,4,5,1
24452,2,4,4,5,2
24453,2,4,4,5,3
24454,2,4,4,5,4
24455,2,4,4,5,5
24511,2,4,5,1,1
24512,2,4,5,1,2
24513,2,4,5,1,3
24514,2,4,5,1,4
24515,2,4,5,1,5
24521,2,4,5,2,1
24522,2,4,5,2,2
24523,2,4,5,2,3
24524,2,4,5,2,4
24525,2,4,5,2,5
24531,2,4,5,3,1
24532,2,4,5,3,2
24533,2,4,5,3,3
24534,2,4,5,3,4
24535,2,4,5,3,5
24541,2,4,5,4,1
24542,2,4,5,4,2
24543,2,4,5,4,3
24544,2,4,5,4,4
24545,2,4,5,4,5
24551,2,4,5,5,1
24552,2,4,5,5,2
24553,2,4,5,5,3
24554,2,4,5,5,4
24555,2,4,5,5,5
25111,2,5,1,1,1
25112,2,5,1,1,2
25113,2,5,1,1,3
25114,2,5,1,1,4
25115,2,5,1,1,5
25121,2,5,1,2,1
25122,2,5,1,2,2
25123,2,5,1,2,3
25124,2,5,1,2,4
25125,2,5,1,2,5
25131,2,5,1,3,1
25132,2,5,1,3,2
25133,2,5,1,3,3
25134,2,5,1,3,4
25135,2,5,1,3,5
25141,2,5,1,4,1
25142,2,5,1,4,2
25143,2,5,1,4,3
25144,2,5,1,4,4
25145,2,5,1,4,5
25151,2,5,1,5,1
25152,2,5,1,5,2
25153,2,5,1,5,3
25154,2,5,1,5,4
25155,2,5,1,5,5
25211,2,5,2,1,1
25212,2,5,2,1,2
25213,2,5,2,1,3
25214,2,5,2,1,4
25215,2,5,2,1,5
25221,2,5,2,2,1
25222,2,5,2,2,2
25223,2,5,2,2,3
25224,2,5,2,2,4
25225,2,5,2,2,5
25231,2,5,2,3,1
25232,2,5,2,3,2
25233,2,5,2,3,3
25234,2,5,2,3,4
25235,2,5,2,3,5
25241,2,5,2,4,1
25242,2,5,2,4,2
25243,2,5,2,4,3
25244,2,5,2,4,4
25245,2,5,2,4,5
25251,2,5,2,5,1
25252,2,5,2,5,2
25253,2,5,2,5,3
25254,2,5,2,5,4
25255,2,5,2,5,5
25311,2,5,3,1,1
25312,2,5,3,1,2
25313,2,5,3,1,3
25314,2,5,3,1,4
25315,2,5,3,1,5
25321,2,5,3,2,1
25322,2,5,3,2,2
25323,2,5,3,2,3
25324,2,5,3,2,4
25325,2,5,3,2,5
25331,2,5,3,3,1
25332,2,5,3,3,2
25333,2,5,3,3,3
25334,2,5,3,3,4
25335,2,5,3,3,5
25341,2,5,3,4,1
25342,2,5,3,4,2
25343,2,5,3,4,3
25344,2,5,3,4,4
25345,2,5,3,4,5
25351,2,5,3,5,1
25352,2,5,3,5,2
25353,2,5,3,5,3
25354,2,5,3,5,4
25355,2,5,3,5,5
25411,2,5,4,1,1
25412,2,5,4,1,2
25413,2,5,4,1,3
25414,2,5,4,1,4
25415,2,5,4,1,5
25421,2,5,4,2,1
25422,2,5,4,2,2
25423,2,5,4,2,3
25424,2,5,4,2,4
25425,2,5,4,2,5
25431,2,5,4,3,1
25432,2,5,4,3,2
25433,2,5,4,3,3
25434,2,5,4,3,4
25435,2,5,4,3,5
25441,2,5,4,4,1
25442,2,5,4,4,2
25443,2,5,4,4,3
25444,2,5,4,4,4
25445,2,5,4,4,5
25451,2,5,4,5,1
25452,2,5,4,5,2
25453,2,5,4,5,3
25454,2,5,4,5,4
25455,2,5,4,5,5
25511,2,5,5,1,1
25512,2,5,5,1,2
25513,2,5,5,1,3
25514,2,5,5,1,4
25515,2,5,5,1,5
25521,2,5,5,2,1
25522,2,5,5,2,2
25523,2,5,5,2,3
25524,2,5,5,2,4
25525,2,5,5,2,5
25531,2,5,5,3,1
25532,2,5,5,3,2
25533,2,5,5,3,3
25534,2,5,5,3,4
25535,2,5,5,3,5
25541,2,5,5,4,1
25542,2,5,5,4,2
25543,2,5,5,4,3
25544,2,5,5,4,4
25545,2,5,5,4,5
25551,2,5,5,5,1
25552,2,5,5,5,2
25553,2,5,5,5,3
25554,2,5,5,5,4
25555,2,5,5,5,5
31111,3,1,1,1,1
31112,3,1,1,1,2
31113,3,1,1,1,3
31114,3,1,1,1,4
31115,3,1,1,1,5
31121,3,1,1,2,1
31122,3,1,1,2,2
31123,3,1,1,2,3
31124,3,1,1,2,4
31125,3,1,1,2,5
31131,3,1,1,3,1
31132,3,1,1,3,2
31133,3,1,1,3,3
31134,3,1,1,3,4
31135,3,1,1,3,5
31141,3,1,1,4,1
31142,3,1,1,4,2
31143,3,1,1,4,3
31144,3,1,1,4,4
31145,3,1,1,4,5
31151,3,1,1,5,1
31152,3,1,1,5,2
31153,3,1,1,5,3
31154,3,1,1,5,4
31155,3,1,1,5,5
31211,3,1,2,1,1
31212,3,1,2,1,2
31213,3,1,2,1,3
31214,3,1,2,1,4
31215,3,1,2,1,5
31221,3,1,2,2,1
31222,3,1,2,2,2
31223,3,1,2,2,3
31224,3,1,2,2,4
31225,3,1,2,2,5
31231,3,1,2,3,1
31232,3,1,2,3,2
31233,3,1,2,3,3
31234,3,1,2,3,4
31235,3,1,2,3,5
31241,3,1,2,4,1
31242,3,1,2,4,2
31243,3,1,2,4,3
31244,3,1,2,4,4
31245,3,1,2,4,5
31251,3,1,2,5,1
31252,3,1,2,5,2
31253,3,1,2,5,3
31254,3,1,2,5,4
31255,3,1,2,5,5
31311,3,1,3,1,1
31312,3,1,3,1,2
31313,3,1,3,1,3
31314,3,1,3,1,4
31315,3,1,3,1,5
31321,3,1,3,2,1
31322,3,1,3,2,2
31323,3,1,3,2,3
31324,3,1,3,2,4
31325,3,1,3,2,5
31331,3,1,3,3,1
31332,3,1,3,3,2
31333,3,1,3,3,3
31334,3,1,3,3,4
31335,3,1,3,3,5
31341,3,1,3,4,1
31342,3,1,3,4,2
31343,3,1,3,4,3
31344,3,1,3,4,4
31345,3,1,3,4,5
31351,3,1,3,5,1
31352,3,1,3,5,2
31353,3,1,3,5,3
31354,3,1,3,5,4
31355,3,1,3,5,5
31411,3,1,4,1,1
31412,3,1,4,1,2
31413,3,1,4,1,3
31414,3,1,4,1,4
31415,3,1,4,1,5
31421,3,1,4,2,1
31422,3,1,4,2,2
31423,3,1,4,2,3
31424,3,1,4,2,4
31425,3,1,4,2,5
31431,3,1,4,3,1
31432,3,1,4,3,2
31433,3,1,4,3,3
31434,3,1,4,3,4
31435,3,1,4,3,5
31441,3,1,4,4,1
31442,3,1,4,4,2
31443,3,1,4,4,3
31444,3,1,4,4,4
31445,3,1,4,4,5
31451,3,1,4,5,1
31452,3,1,4,5,2
31453,3,1,4,5,3
31454,3,1,4,5,4
31455,3,1,4,5,5
31511,3,1,5,1,1
31512,3,1,5,1,2
31513,3,1,5,1,3
31514,3,1,5,1,4
31515,3,1,5,1,5
31521,3,1,5,2,1
31522,3,1,5,2,2
31523,3,1,5,2,3
31524,3,1,5,2,4
31525,3,1,5,2,5
31531,3,1,5,3,1
31532,3,1,5,3,2
31533,3,1,5,3,3
31534,3,1,5,3,4
31535,3,1,5,3,5
31541,3,1,5,4,1
31542,3,1,5,4,2
31543,3,1,5,4,3
31544,3,1,5,4,4
31545,3,1,5,4,5
31551,3,1,5,5,1
31552,3,1,5,5,2
31553,3,1,5,5,3
31554,3,1,5,5,4
31555,3,1,5,5,5
32111,3,2,1,1,1
32112,3,2,1,1,2
32113,3,2,1,1,3
32114,3,2,1,1,4
32115,3,2,1,1,5
32121,3,2,1,2,1
32122,3,2,1,2,2
32123,3,2,1,2,3
32124,3,2,1,2,4
32125,3,2,1,2,5
32131,3,2,1,3,1
32132,3,2,1,3,2
32133,3,2,1,3,3
32134,3,2,1,3,4
32135,3,2,1,3,5
32141,3,2,1,4,1
32142,3,2,1,4,2
32143,3,2,1,4,3
32144,3,2,1,4,4
32145,3,2,1,4,5
32151,3,2,1,5,1
32152,3,2,1,5,2
32153,3,2,1,5,3
32154,3,2,1,5,4
32155,3,2,1,5,5
32211,3,2,2,1,1
32212,3,2,2,1,2
32213,3,2,2,1,3
32214,3,2,2,1,4
32215,3,2,2,1,5
32221,3,2,2,2,1
32222,3,2,2,2,2
32223,3,2,2,2,3
32224,3,2,2,2,4
32225,3,2,2,2,5
32231,3,2,2,3,1
32232,3,2,2,3,2
32233,3,2,2,3,3
32234,3,2,2,3,4
32235,3,2,2,3,5
32241,3,2,2,4,1
32242,3,2,2,4,2
32243,3,2,2,4,3
32244,3,2,2,4,4
32245,3,2,2,4,5
32251,3,2,2,5,1
32252,3,2,2,5,2
32253,3,2,2,5,3
32254,3,2,2,5,4
32255,3,2,2,5,5
32311,3,2,3,1,1
32312,3,2,3,1,2
32313,3,2,3,1,3
32314,3,2,3,1,4
32315,3,2,3,1,5
32321,3,2,3,2,1
32322,3,2,3,2,2
32323,3,2,3,2,3
32324,3,2,3,2,4
32325,3,2,3,2,5
32331,3,2,3,3,1
32332,3,2,3,3,2
32333,3,2,3,3,3
32334,3,2,3,3,4
32335,3,2,3,3,5
32341,3,2,3,4,1
32342,3,2,3,4,2
32343,3,2,3,4,3
32344,3,2,3,4,4
32345,3,2,3,4,5
32351,3,2,3,5,1
32352,3,2,3,5,2
32353,3,2,3,5,3
32354,3,2,3,5,4
32355,3,2,3,5,5
32411,3,2,4,1,1
32412,3,2,4,1,2
32413,3,2,4,1,3
32414,3,2,4,1,4
32415,3,2,4,1,5
32421,3,2,4,2,1
32422,3,2,4,2,2
32423,3,2,4,2,3
32424,3,2,4,2,4
32425,3,2,4,2,5
32431,3,2,4,3,1
32432,3,2,4,3,2
32433,3,2,4,3,3
32434,3,2,4,3,4
32435,3,2,4,3,5
32441,3,2,4,4,1
32442,3,2,4,4,2
32443,3,2,4,4,3
32444,3,2,4,4,4
32445,3,2,4,4,5
32451,3,2,4,5,1
32452,3,2,4,5,2
32453,3,2,4,5,3
32454,3,2,4,5,4
32455,3,2,4,5,5
32511,3,2,5,1,1
32512,3,2,5,1,2
32513,3,2,5,1,3
32514,3,2,5,1,4
32515,3,2,5,1,5
32521,3,2,5,2,1
32522,3,2,5,2,2
32523,3,2,5,2,3
32524,3,2,5,2,4
32525,3,2,5,2,5
32531,3,2,5,3,1
32532,3,2,5,3,2
32533,3,2,5,3,3
32534,3,2,5,3,4
32535,3,2,5,3,5
32541,3,2,5,4,1
32542,3,2,5,4,2
32543,3,2,5,4,3
32544,3,2,5,4,4
32545,3,2,5,4,5
32551,3,2,5,5,1
32552,3,2,5,5,2
32553,3,2,5,5,3
32554,3,2,5,5,4
32555,3,2,5,5,5
33111,3,3,1,1,1
33112,3,3,1,1,2
33113,3,3,1,1,3
33114,3,3,1,1,4
33115,3,3,1,1,5
33121,3,3,1,2,1
33122,3,3,1,2,2
33123,3,3,1,2,3
33124,3,3,1,2,4
33125,3,3,1,2,5
33131,3,3,1,3,1
33132,3,3,1,3,2
33133,3,3,1,3,3
33134,3,3,1,3,4
33135,3,3,1,3,5
33141,3,3,1,4,1
33142,3,3,1,4,2
33143,3,3,1,4,3
33144,3,3,1,4,4
33145,3,3,1,4,5
33151,3,3,1,5,1
33152,3,3,1,5,2
33153,3,3,1,5,3
33154,3,3,1,5,4
33155,3,3,1,5,5
33211,3,3,2,1,1
33212,3,3,2,1,2
33213,3,3,2,1,3
33214,3,3,2,1,4
33215,3,3,2,1,5
33221,3,3,2,2,1
33222,3,3,2,2,2
33223,3,3,2,2,3
33224,3,3,2,2,4
33225,3,3,2,2,5
33231,3,3,2,3,1
33232,3,3,2,3,2
33233,3,3,2,3,3
33234,3,3,2,3,4
33235,3,3,2,3,5
33241,3,3,2,4,1
33242,3,3,2,4,2
33243,3,3,2,4,3
33244,3,3,2,4,4
33245,3,3,2,4,5
33251,3,3,2,5,1
33252,3,3,2,5,2
33253,3,3,2,5,3
33254,3,3,2,5,4
33255,3,3,2,5,5
33311,3,3,3,1,1
33312,3,3,3,1,2
33313,3,3,3,1,3
33314,3,3,3,1,4
33315,3,3,3,1,5
33321,3,3,3,2,1
33322,3,3,3,2,2
33323,3,3,3,2,3
33324,3,3,3,2,4
33325,3,3,3,2,5
33331,3,3,3,3,1
33332,3,3,3,3,2
33333,3,3,3,3,3
33334,3,3,3,3,4
33335,3,3,3,3,5
33341,3,3,3,4,1
33342,3,3,3,4,2
33343,3,3,3,4,3
33344,3,3,3,4,4
33345,3,3,3,4,5
33351,3,3,3,5,1
33352,3,3,3,5,2
33353,3,3,3,5,3
33354,3,3,3,5,4
33355,3,3,3,5,5
33411,3,3,4,1,1
33412,3,3,4,1,2
33413,3,3,4,1,3
33414,3,3,4,1,4
33415,3,3,4,1,5
33421,3,3,4,2,1
33422,3,3,4,2,2
33423,3,3,4,2,3
33424,3,3,4,2,4
33425,3,3,4,2,5
33431,3,3,4,3,1
33432,3,3,4,3,2
33433,3,3,4,3,3
33434,3,3,4,3,4
33435,3,3,4,3,5
33441,3,3,4,4,1
33442,3,3,4,4,2
33443,3,3,4,4,3
33444,3,3,4,4,4
33445,3,3,4,4,5
33451,3,3,4,5,1
33452,3,3,4,5,2
33453,3,3,4,5,3
33454,3,3,4,5,4
33455,3,3,4,5,5
33511,3,3,5,1,1
33512,3,3,5,1,2
33513,3,3,5,1,3
33514,3,3,5,1,4
33515,3,3,5,1,5
33521,3,3,5,2,1
33522,3,3,5,2,2
33523,3,3,5,2,3
33524,3,3,5,2,4
33525,3,3,5,2,5
33531,3,3,5,3,1
33532,3,3,5,3,2
33533,3,3,5,3,3
33534,3,3,5,3,4
33535,3,3,5,3,5
33541,3,3,5,4,1
33542,3,3,5,4,2
33543,3,3,5,4,3
33544,3,3,5,4,4
33545,3,3,5,4,5
33551,3,3,5,5,1
33552,3,3,5,5,2
33553,3,3,5,5,3
33554,3,3,5,5,4
33555,3,3,5,5,5
34111,3,4,1,1,1
34112,3,4,1,1,2
34113,3,4,1,1,3
34114,3,4,1,1,4
34115,3,4,1,1,5
34121,3,4,1,2,1
34122,3,4,1,2,2
34123,3,4,1,2,3
34124,3,4,1,2,4
34125,3,4,1,2,5
34131,3,4,1,3,1
34132,3,4,1,3,2
34133,3,4,1,3,3
34134,3,4,1,3,4
34135,3,4,1,3,5
34141,3,4,1,4,1
34142,3,4,1,4,2
34143,3,4,1,4,3
34144,3,4,1,4,4
34145,3,4,1,4,5
34151,3,4,1,5,1
34152,3,4,1,5,2
34153,3,4,1,5,3
34154,3,4,1,5,4
34155,3,4,1,5,5
34211,3,4,2,1,1
34212,3,4,2,1,2
34213,3,4,2,1,3
34214,3,4,2,1,4
34215,3,4,2,1,5
34221,3,4,2,2,1
34222,3,4,2,2,2
34223,3,4,2,2,3
34224,3,4,2,2,4
34225,3,4,2,2,5
34231,3,4,2,3,1
34232,3,4,2,3,2
34233,3,4,2,3,3
34234,3,4,2,3,4
34235,3,4,2,3,5
34241,3,4,2,4,1
34242,3,4,2,4,2
34243,3,4,2,4,3
34244,3,4,2,4,4
34245,3,4,2,4,5
34251,3,4,2,5,1
34252,3,4,2,5,2
34253,3,4,2,5,3
34254,3,4,2,5,4
34255,3,4,2,5,5
34311,3,4,3,1,1
34312,3,4,3,1,2
34313,3,4,3,1,3
34314,3,4,3,1,4
34315,3,4,3,1,5
34321,3,4,3,2,1
34322,3,4,3,2,2
34323,3,4,3,2,3
34324,3,4,3,2,4
34325,3,4,3,2,5
34331,3,4,3,3,1
34332,3,4,3,3,2
34333,3,4,3,3,3
34334,3,4,3,3,4
34335,3,4,3,3,5
34341,3,4,3,4,1
34342,3,4,3,4,2
34343,3,4,3,4,3
34344,3,4,3,4,4
34345,3,4,3,4,5
34351,3,4,3,5,1
34352,3,4,3,5,2
34353,3,4,3,5,3
34354,3,4,3,5,4
34355,3,4,3,5,5
34411,3,4,4,1,1
34412,3,4,4,1,2
34413,3,4,4,1,3
34414,3,4,4,1,4
34415,3,4,4,1,5
34421,3,4,4,2,1
34422,3,4,4,2,2
34423,3,4,4,2,3
34424,3,4,4,2,4
34425,3,4,4,2,5
34431,3,4,4,3,1
34432,3,4,4,3,2
34433,3,4,4,3,3
34434,3,4,4,3,4
34435,3,4,4,3,5
34441,3,4,4,4,1
34442,3,4,4,4,2
34443,3,4,4,4,3
34444,3,4,4,4,4
34445,3,4,4,4,5
34451,3,4,4,5,1
34452,3,4,4,5,2
34453,3,4,4,5,3
34454,3,4,4,5,4
34455,3,4,4,5,5
34511,3,4,5,1,1
34512,3,4,5,1,2
34513,3,4,5,1,3
34514,3,4,5,1,4
34515,3,4,5,1,5
34521,3,4,5,2,1
34522,3,4,5,2,2
34523,3,4,5,2,3
34524,3,4,5,2,4
34525,3,4,5,2,5
34531,3,4,5,3,1
34532,3,4,5,3,2
34533,3,4,5,3,3
34534,3,4,5,3,4
34535,3,4,5,3,5
34541,3,4,5,4,1
34542,3,4,5,4,2
34543,3,4,5,4,3
34544,3,4,5,4,4
34545,3,4,5,4,5
34551,3,4,5,5,1
34552,3,4,5,5,2
34553,3,4,5,5,3
34554,3,4,5,5,4
34555,3,4,5,5,5
35111,3,5,1,1,1
35112,3,5,1,1,2
35113,3,5,1,1,3
35114,3,5,1,1,4
35115,3,5,1,1,5
35121,3,5,1,2,1
35122,3,5,1,2,2
35123,3,5,1,2,3
35124,3,5,1,2,4
35125,3,5,1,2,5
35131,3,5,1,3,1
35132,3,5,1,3,2
35133,3,5,1,3,3
35134,3,5,1,3,4
35135,3,5,1,3,5
35141,3,5,1,4,1
35142,3,5,1,4,2
35143,3,5,1,4,3
35144,3,5,1,4,4
35145,3,5,1,4,5
35151,3,5,1,5,1
35152,3,5,1,5,2
35153,3,5,1,5,3
35154,3,5,1,5,4
35155,3,5,1,5,5
35211,3,5,2,1,1
35212,3,5,2,1,2
35213,3,5,2,1,3
35214,3,5,2,1,4
35215,3,5,2,1,5
35221,3,5,2,2,1
35222,3,5,2,2,2
35223,3,5,2,2,3
35224,3,5,2,2,4
35225,3,5,2,2,5
35231,3,5,2,3,1
35232,3,5,2,3,2
35233,3,5,2,3,3
35234,3,5,2,3,4
35235,3,5,2,3,5
35241,3,5,2,4,1
35242,3,5,2,4,2
35243,3,5,2,4,3
35244,3,5,2,4,4
35245,3,5,2,4,5
35251,3,5,2,5,1
35252,3,5,2,5,2
35253,3,5,2,5,3
35254,3,5,2,5,4
35255,3,5,2,5,5
35311,3,5,3,1,1
35312,3,5,3,1,2
35313,3,5,3,1,3
35314,3,5,3,1,4
35315,3,5,3,1,5
35321,3,5,3,2,1
35322,3,5,3,2,2
35323,3,5,3,2,3
35324,3,5,3,2,4
35325,3,5,3,2,5
35331,3,5,3,3,1
35332,3,5,3,3,2
35333,3,5,3,3,3
35334,3,5,3,3,4
35335,3,5,3,3,5
35341,3,5,3,4,1
35342,3,5,3,4,2
35343,3,5,3,4,3
35344,3,5,3,4,4
35345,3,5,3,4,5
35351,3,5,3,5,1
35352,3,5,3,5,2
35353,3,5,3,5,3
35354,3,5,3,5,4
35355,3,5,3,5,5
35411,3,5,4,1,1
35412,3,5,4,1,2
35413,3,5,4,1,3
35414,3,5,4,1,4
35415,3,5,4,1,5
35421,3,5,4,2,1
35422,3,5,4,2,2
35423,3,5,4,2,3
35424,3,5,4,2,4
35425,3,5,4,2,5
35431,3,5,4,3,1
35432,3,5,4,3,2
35433,3,5,4,3,3
35434,3,5,4,3,4
35435,3,5,4,3,5
35441,3,5,4,4,1
35442,3,5,4,4,2
35443,3,5,4,4,3
35444,3,5,4,4,4
35445,3,5,4,4,5
35451,3,5,4,5,1
35452,3,5,4,5,2
35453,3,5,4,5,3
35454,3,5,4,5,4
35455,3,5,4,5,5
35511,3,5,5,1,1
35512,3,5,5,1,2
35513,3,5,5,1,3
35514,3,5,5,1,4
35515,3,5,5,1,5
35521,3,5,5,2,1
35522,3,5,5,2,2
35523,3,5,5,2,3
35524,3,5,5,2,4
35525,3,5,5,2,5
35531,3,5,5,3,1
35532,3,5,5,3,2
35533,3,5,5,3,3
35534,3,5,5,3,4
35535,3,5,5,3,5
35541,3,5,5,4,1
35542,3,5,5,4,2
35543,3,5,5,4,3
35544,3,5,5,4,4
35545,3,5,5,4,5
35551,3,5,5,5,1
35552,3,5,5,5,2
35553,3,5,5,5,3
35554,3,5,5,5,4
35555,3,5,5,5,5
41111,4,1,1,1,1
41112,4,1,1,1,2
41113,4,1,1,1,3
41114,4,1,1,1,4
41115,4,1,1,1,5
41121,4,1,1,2,1
41122,4,1,1,2,2
41123,4,1,1,2,3
41124,4,1,1,2,4
41125,4,1,1,2,5
41131,4,1,1,3,1
41132,4,1,1,3,2
41133,4,1,1,3,3
41134,4,1,1,3,4
41135,4,1,1,3,5
41141,4,1,1,4,1
41142,4,1,1,4,2
41143,4,1,1,4,3
41144,4,1,1,4,4
41145,4,1,1,4,5
41151,4,1,1,5,1
41152,4,1,1,5,2
41153,4,1,1,5,3
41154,4,1,1,5,4
41155,4,1,1,5,5
41211,4,1,2,1,1
41212,4,1,2,1,2
41213,4,1,2,1,3
41214,4,1,2,1,4
41215,4,1,2,1,5
41221,4,1,2,2,1
41222,4,1,2,2,2
41223,4,1,2,2,3
41224,4,1,2,2,4
41225,4,1,2,2,5
41231,4,1,2,3,1
41232,4,1,2,3,2
41233,4,1,2,3,3
41234,4,1,2,3,4
41235,4,1,2,3,5
41241,4,1,2,4,1
41242,4,1,2,4,2
41243,4,1,2,4,3
41244,4,1,2,4,4
41245,4,1,2,4,5
41251,4,1,2,5,1
41252,4,1,2,5,2
41253,4,1,2,5,3
41254,4,1,2,5,4
41255,4,1,2,5,5
41311,4,1,3,1,1
41312,4,1,3,1,2
41313,4,1,3,1,3
41314,4,1,3,1,4
41315,4,1,3,1,5
41321,4,1,3,2,1
41322,4,1,3,2,2
41323,4,1,3,2,3
41324,4,1,3,2,4
41325,4,1,3,2,5
41331,4,1,3,3,1
41332,4,1,3,3,2
41333,4,1,3,3,3
41334,4,1,3,3,4
41335,4,1,3,3,5
41341,4,1,3,4,1
41342,4,1,3,4,2
41343,4,1,3,4,3
41344,4,1,3,4,4
41345,4,1,3,4,5
41351,4,1,3,5,1
41352,4,1,3,5,2
41353,4,1,3,5,3
41354,4,1,3,5,4
41355,4,1,3,5,5
41411,4,1,4,1,1
41412,4,1,4,1,2
41413,4,1,4,1,3
41414,4,1,4,1,4
41415,4,1,4,1,5
41421,4,1,4,2,1
41422,4,1,4,2,2
41423,4,1,4,2,3
41424,4,1,4,2,4
41425,4,1,4,2,5
41431,4,1,4,3,1
41432,4,1,4,3,2
41433,4,1,4,3,3
41434,4,1,4,3,4
41435,4,1,4,3,5
41441,4,1,4,4,1
41442,4,1,4,4,2
41443,4,1,4,4,3
41444,4,1,4,4,4
41445,4,1,4,4,5
41451,4,1,4,5,1
41452,4,1,4,5,2
41453,4,1,4,5,3
41454,4,1,4,5,4
41455,4,1,4,5,5
41511,4,1,5,1,1
41512,4,1,5,1,2
41513,4,1,5,1,3
41514,4,1,5,1,4
41515,4,1,5,1,5
41521,4,1,5,2,1
41522,4,1,5,2,2
41523,4,1,5,2,3
41524,4,1,5,2,4
41525,4,1,5,2,5
41531,4,1,5,3,1
41532,4,1,5,3,2
41533,4,1,5,3,3
41534,4,1,5,3,4
41535,4,1,5,3,5
41541,4,1,5,4,1
41542,4,1,5,4,2
41543,4,1,5,4,3
41544,4,1,5,4,4
41545,4,1,5,4,5
41551,4,1,5,5,1
41552,4,1,5,5,2
41553,4,1,5,5,3
41554,4,1,5,5,4
41555,4,1,5,5,5
42111,4,2,1,1,1
42112,4,2,1,1,2
42113,4,2,1,1,3
42114,4,2,1,1,4
42115,4,2,1,1,5
42121,4,2,1,2,1
42122,4,2,1,2,2
42123,4,2,1,2,3
42124,4,2,1,2,4
42125,4,2,1,2,5
42131,4,2,1,3,1
42132,4,2,1,3,2
42133,4,2,1,3,3
42134,4,2,1,3,4
42135,4,2,1,3,5
42141,4,2,1,4,1
42142,4,2,1,4,2
42143,4,2,1,4,3
42144,4,2,1,4,4
42145,4,2,1,4,5
42151,4,2,1,5,1
42152,4,2,1,5,2
42153,4,2,1,5,3
42154,4,2,1,5,4
42155,4,2,1,5,5
42211,4,2,2,1,1
42212,4,2,2,1,2
42213,4,2,2,1,3
42214,4,2,2,1,4
42215,4,2,2,1,5
42221,4,2,2,2,1
42222,4,2,2,2,2
42223,4,2,2,2,3
42224,4,2,2,2,4
42225,4,2,2,2,5
42231,4,2,2,3,1
42232,4,2,2,3,2
42233,4,2,2,3,3
42234,4,2,2,3,4
42235,4,2,2,3,5
42241,4,2,2,4,1
42242,4,2,2,4,2
42243,4,2,2,4,3
42244,4,2,2,4,4
42245,4,2,2,4,5
42251,4,2,2,5,1
42252,4,2,2,5,2
42253,4,2,2,5,3
42254,4,2,2,5,4
42255,4,2,2,5,5
42311,4,2,3,1,1
42312,4,2,3,1,2
42313,4,2,3,1,3
42314,4,2,3,1,4
42315,4,2,3,1,5
42321,4,2,3,2,1
42322,4,2,3,2,2
42323,4,2,3,2,3
42324,4,2,3,2,4
42325,4,2,3,2,5
42331,4,2,3,3,1
42332,4,2,3,3,2
42333,4,2,3,3,3
42334,4,2,3,3,4
42335,4,2,3,3,5
42341,4,2,3,4,1
42342,4,2,3,4,2
42343,4,2,3,4,3
42344,4,2,3,4,4
42345,4,2,3,4,5
42351,4,2,3,5,1
42352,4,2,3,5,2
42353,4,2,3,5,3
42354,4,2,3,5,4
42355,4,2,3,5,5
42411,4,2,4,1,1
42412,4,2,4,1,2
42413,4,2,4,1,3
42414,4,2,4,1,4
42415,4,2,4,1,5
42421,4,2,4,2,1
42422,4,2,4,2,2
42423,4,2,4,2,3
42424,4,2,4,2,4
42425,4,2,4,2,5
42431,4,2,4,3,1
42432,4,2,4,3,2
42433,4,2,4,3,3
42434,4,2,4,3,4
42435,4,2,4,3,5
42441,4,2,4,4,1
42442,4,2,4,4,2
42443,4,2,4,4,3
42444,4,2,4,4,4
42445,4,2,4,4,5
42451,4,2,4,5,1
42452,4,2,4,5,2
42453,4,2,4,5,3
42454,4,2,4,5,4
42455,4,2,4,5,5
42511,4,2,5,1,1
42512,4,2,5,1,2
42513,4,2,5,1,3
42514,4,2,5,1,4
42515,4,2,5,1,5
42521,4,2,5,2,1
42522,4,2,5,2,2
42523,4,2,5,2,3
42524,4,2,5,2,4
42525,4,2,5,2,5
42531,4,2,5,3,1
42532,4,2,5,3,2
42533,4,2,5,3,3
42534,4,2,5,3,4
42535,4,2,5,3,5
42541,4,2,5,4,1
42542,4,2,5,4,2
42543,4,2,5,4,3
42544,4,2,5,4,4
42545,4,2,5,4,5
42551,4,2,5,5,1
42552,4,2,5,5,2
42553,4,2,5,5,3
42554,4,2,5,5,4
42555,4,2,5,5,5
43111,4,3,1,1,1
43112,4,3,1,1,2
43113,4,3,1,1,3
43114,4,3,1,1,4
43115,4,3,1,1,5
43121,4,3,1,2,1
43122,4,3,1,2,2
43123,4,3,1,2,3
43124,4,3,1,2,4
43125,4,3,1,2,5
43131,4,3,1,3,1
43132,4,3,1,3,2
43133,4,3,1,3,3
43134,4,3,1,3,4
43135,4,3,1,3,5
43141,4,3,1,4,1
43142,4,3,1,4,2
43143,4,3,1,4,3
43144,4,3,1,4,4
43145,4,3,1,4,5
43151,4,3,1,5,1
43152,4,3,1,5,2
43153,4,3,1,5,3
43154,4,3,1,5,4
43155,4,3,1,5,5
43211,4,3,2,1,1
43212,4,3,2,1,2
43213,4,3,2,1,3
43214,4,3,2,1,4
43215,4,3,2,1,5
43221,4,3,2,2,1
43222,4,3,2,2,2
43223,4,3,2,2,3
43224,4,3,2,2,4
43225,4,3,2,2,5
43231,4,3,2,3,1
43232,4,3,2,3,2
43233,4,3,2,3,3
43234,4,3,2,3,4
43235,4,3,2,3,5
43241,4,3,2,4,1
43242,4,3,2,4,2
43243,4,3,2,4,3
43244,4,3,2,4,4
43245,4,3,2,4,5
43251,4,3,2,5,1
43252,4,3,2,5,2
43253,4,3,2,5,3
43254,4,3,2,5,4
43255,4,3,2,5,5
43311,4,3,3,1,1
43312,4,3,3,1,2
43313,4,3,3,1,3
43314,4,3,3,1,4
43315,4,3,3,1,5
43321,4,3,3,2,1
43322,4,3,3,2,2
43323,4,3,3,2,3
43324,4,3,3,2,4
43325,4,3,3,2,5
43331,4,3,3,3,1
43332,4,3,3,3,2
43333,4,3,3,3,3
43334,4,3,3,3,4
43335,4,3,3,3,5
43341,4,3,3,4,1
43342,4,3,3,4,2
43343,4,3,3,4,3
43344,4,3,3,4,4
43345,4,3,3,4,5
43351,4,3,3,5,1
43352,4,3,3,5,2
43353,4,3,3,5,3
43354,4,3,3,5,4
43355,4,3,3,5,5
43411,4,3,4,1,1
43412,4,3,4,1,2
43413,4,3,4,1,3
43414,4,3,4,1,4
43415,4,3,4,1,5
43421,4,3,4,2,1
43422,4,3,4,2,2
43423,4,3,4,2,3
43424,4,3,4,2,4
43425,4,3,4,2,5
43431,4,3,4,3,1
43432,4,3,4,3,2
43433,4,3,4,3,3
43434,4,3,4,3,4
43435,4,3,4,3,5
43441,4,3,4,4,1
43442,4,3,4,4,2
43443,4,3,4,4,3
43444,4,3,4,4,4
43445,4,3,4,4,5
43451,4,3,4,5,1
43452,4,3,4,5,2
43453,4,3,4,5,3
43454,4,3,4,5,4
43455,4,3,4,5,5
43511,4,3,5,1,1
43512,4,3,5,1,2
43513,4,3,5,1,3
43514,4,3,5,1,4
43515,4,3,5,1,5
43521,4,3,5,2,1
43522,4,3,5,2,2
43523,4,3,5,2,3
43524,4,3,5,2,4
43525,4,3,5,2,5
43531,4,3,5,3,1
43532,4,3,5,3,2
43533,4,3,5,3,3
43534,4,3,5,3,4
43535,4,3,5,3,5
43541,4,3,5,4,1
43542,4,3,5,4,2
43543,4,3,5,4,3
43544,4,3,5,4,4
43545,4,3,5,4,5
43551,4,3,5,5,1
43552,4,3,5,5,2
43553,4,3,5,5,3
43554,4,3,5,5,4
43555,4,3,5,5,5
44111,4,4,1,1,1
44112,4,4,1,1,2
44113,4,4,1,1,3
44114,4,4,1,1,4
44115,4,4,1,1,5
44121,4,4,1,2,1
44122,4,4,1,2,2
44123,4,4,1,2,3
44124,4,4,1,2,4
44125,4,4,1,2,5
44131,4,4,1,3,1
44132,4,4,1,3,2
44133,4,4,1,3,3
44134,4,4,1,3,4
44135,4,4,1,3,5
44141,4,4,1,4,1
44142,4,4,1,4,2
44143,4,4,1,4,3
44144,4,4,1,4,4
44145,4,4,1,4,5
44151,4,4,1,5,1
44152,4,4,1,5,2
44153,4,4,1,5,3
44154,4,4,1,5,4
44155,4,4,1,5,5
44211,4,4,2,1,1
44212,4,4,2,1,2
44213,4,4,2,1,3
44214,4,4,2,1,4
44215,4,4,2,1,5
44221,4,4,2,2,1
44222,4,4,2,2,2
44223,4,4,2,2,3
44224,4,4,2,2,4
44225,4,4,2,2,5
44231,4,4,2,3,1
44232,4,4,2,3,2
44233,4,4,2,3,3
44234,4,4,2,3,4
44235,4,4,2,3,5
44241,4,4,2,4,1
44242,4,4,2,4,2
44243,4,4,2,4,3
44244,4,4,2,4,4
44245,4,4,2,4,5
44251,4,4,2,5,1
44252,4,4,2,5,2
44253,4,4,2,5,3
44254,4,4,2,5,4
44255,4,4,2,5,5
44311,4,4,3,1,1
44312,4,4,3,1,2
44313,4,4,3,1,3
44314,4,4,3,1,4
44315,4,4,3,1,5
44321,4,4,3,2,1
44322,4,4,3,2,2
44323,4,4,3,2,3
44324,4,4,3,2,4
44325,4,4,3,2,5
44331,4,4,3,3,1
44332,4,4,3,3,2
44333,4,4,3,3,3
44334,4,4,3,3,4
44335,4,4,3,3,5
44341,4,4,3,4,1
44342,4,4,3,4,2
44343,4,4,3,4,3
44344,4,4,3,4,4
44345,4,4,3,4,5
44351,4,4,3,5,1
44352,4,4,3,5,2
44353,4,4,3,5,3
44354,4,4,3,5,4
44355,4,4,3,5,5
44411,4,4,4,1,1
44412,4,4,4,1,2
44413,4,4,4,1,3
44414,4,4,4,1,4
44415,4,4,4,1,5
44421,4,4,4,2,1
44422,4,4,4,2,2
44423,4,4,4,2,3
44424,4,4,4,2,4
44425,4,4,4,2,5
44431,4,4,4,3,1
44432,4,4,4,3,2
44433,4,4,4,3,3
44434,4,4,4,3,4
44435,4,4,4,3,5
44441,4,4,4,4,1
44442,4,4,4,4,2
44443,4,4,4,4,3
44444,4,4,4,4,4
44445,4,4,4,4,5
44451,4,4,4,5,1
44452,4,4,4,5,2
44453,4,4,4,5,3
44454,4,4,4,5,4
44455,4,4,4,5,5
44511,4,4,5,1,1
44512,4,4,5,1,2
44513,4,4,5,1,3
44514,4,4,5,1,4
44515,4,4,5,1,5
44521,4,4,5,2,1
44522,4,4,5,2,2
44523,4,4,5,2,3
44524,4,4,5,2,4
44525,4,4,5,2,5
44531,4,4,5,3,1
44532,4,4,5,3,2
44533,4,4,5,3,3
44534,4,4,5,3,4
44535,4,4,5,3,5
44541,4,4,5,4,1
44542,4,4,5,4,2
44543,4,4,5,4,3
44544,4,4,5,4,4
44545,4,4,5,4,5
44551,4,4,5,5,1
44552,4,4,5,5,2
44553,4,4,5,5,3
44554,4,4,5,5,4
44555,4,4,5,5,5
45111,4,5,1,1,1
45112,4,5,1,1,2
45113,4,5,1,1,3
45114,4,5,1,1,4
45115,4,5,1,1,5
45121,4,5,1,2,1
45122,4,5,1,2,2
45123,4,5,1,2,3
45124,4,5,1,2,4
45125,4,5,1,2,5
45131,4,5,1,3,1
45132,4,5,1,3,2
45133,4,5,1,3,3
45134,4,5,1,3,4
45135,4,5,1,3,5
45141,4,5,1,4,1
45142,4,5,1,4,2
45143,4,5,1,4,3
45144,4,5,1,4,4
45145,4,5,1,4,5
45151,4,5,1,5,1
45152,4,5,1,5,2
45153,4,5,1,5,3
45154,4,5,1,5,4
45155,4,5,1,5,5
45211,4,5,2,1,1
45212,4,5,2,1,2
45213,4,5,2,1,3
45214,4,5,2,1,4
45215,4,5,2,1,5
45221,4,5,2,2,1
45222,4,5,2,2,2
45223,4,5,2,2,3
45224,4,5,2,2,4
45225,4,5,2,2,5
45231,4,5,2,3,1
45232,4,5,2,3,2
45233,4,5,2,3,3
45234,4,5,2,3,4
45235,4,5,2,3,5
45241,4,5,2,4,1
45242,4,5,2,4,2
45243,4,5,2,4,3
45244,4,5,2,4,4
45245,4,5,2,4,5
45251,4,5,2,5,1
45252,4,5,2,5,2
45253,4,5,2,5,3
45254,4,5,2,5,4
45255,4,5,2,5,5
45311,4,5,3,1,1
45312,4,5,3,1,2
45313,4,5,3,1,3
45314,4,5,3,1,4
45315,4,5,3,1,5
45321,4,5,3,2,1
45322,4,5,3,2,2
45323,4,5,3,2,3
45324,4,5,3,2,4
45325,4,5,3,2,5
45331,4,5,3,3,1
45332,4,5,3,3,2
45333,4,5,3,3,3
45334,4,5,3,3,4
45335,4,5,3,3,5
45341,4,5,3,4,1
45342,4,5,3,4,2
45343,4,5,3,4,3
45344,4,5,3,4,4
45345,4,5,3,4,5
45351,4,5,3,5,1
45352,4,5,3,5,2
45353,4,5,3,5,3
45354,4,5,3,5,4
45355,4,5,3,5,5
45411,4,5,4,1,1
45412,4,5,4,1,2
45413,4,5,4,1,3
45414,4,5,4,1,4
45415,4,5,4,1,5
45421,4,5,4,2,1
45422,4,5,4,2,2
45423,4,5,4,2,3
45424,4,5,4,2,4
45425,4,5,4,2,5
45431,4,5,4,3,1
45432,4,5,4,3,2
45433,4,5,4,3,3
45434,4,5,4,3,4
45435,4,5,4,3,5
45441,4,5,4,4,1
45442,4,5,4,4,2
45443,4,5,4,4,3
45444,4,5,4,4,4
45445,4,5,4,4,5
45451,4,5,4,5,1
45452,4,5,4,5,2
45453,4,5,4,5,3
45454,4,5,4,5,4
45455,4,5,4,5,5
45511,4,5,5,1,1
45512,4,5,5,1,2
45513,4,5,5,1,3
45514,4,5,5,1,4
45515,4,5,5,1,5
45521,4,5,5,2,1
45522,4,5,5,2,2
45523,4,5,5,2,3
45524,4,5,5,2,4
45525,4,5,5,2,5
45531,4,5,5,3,1
45532,4,5,5,3,2
45533,4,5,5,3,3
45534,4,5,5,3,4
45535,4,5,5,3,5
45541,4,5,5,4,1
45542,4,5,5,4,2
45543,4,5,5,4,3
45544,4,5,5,4,4
45545,4,5,5,4,5
45551,4,5,5,5,1
45552,4,5,5,5,2
45553,4,5,5,5,3
45554,4,5,5,5,4
45555,4,5,5,5,5
51111,5,1,1,1,1
51112,5,1,1,1,2
51113,5,1,1,1,3
51114,5,1,1,1,4
51115,5,1,1,1,5
51121,5,1,1,2,1
51122,5,1,1,2,2
51123,5,1,1,2,3
51124,5,1,1,2,4
51125,5,1,1,2,5
51131,5,1,1,3,1
51132,5,1,1,3,2
51133,5,1,1,3,3
51134,5,1,1,3,4
51135,5,1,1,3,5
51141,5,1,1,4,1
51142,5,1,1,4,2
51143,5,1,1,4,3
51144,5,1,1,4,4
51145,5,1,1,4,5
51151,5,1,1,5,1
51152,5,1,1,5,2
51153,5,1,1,5,3
51154,5,1,1,5,4
51155,5,1,1,5,5
51211,5,1,2,1,1
51212,5,1,2,1,2
51213,5,1,2,1,3
51214,5,1,2,1,4
51215,5,1,2,1,5
51221,5,1,2,2,1
51222,5,1,2,2,2
51223,5,1,2,2,3
51224,5,1,2,2,4
51225,5,1,2,2,5
51231,5,1,2,3,1
51232,5,1,2,3,2
51233,5,1,2,3,3
51234,5,1,2,3,4
51235,5,1,2,3,5
51241,5,1,2,4,1
51242,5,1,2,4,2
51243,5,1,2,4,3
51244,5,1,2,4,4
51245,5,1,2,4,5
51251,5,1,2,5,1
51252,5,1,2,5,2
51253,5,1,2,5,3
51254,5,1,2,5,4
51255,5,1,2,5,5
51311,5,1,3,1,1
51312,5,1,3,1,2
51313,5,1,3,1,3
51314,5,1,3,1,4
51315,5,1,3,1,5
51321,5,1,3,2,1
51322,5,1,3,2,2
51323,5,1,3,2,3
51324,5,1,3,2,4
51325,5,1,3,2,5
51331,5,1,3,3,1
51332,5,1,3,3,2
51333,5,1,3,3,3
51334,5,1,3,3,4
51335,5,1,3,3,5
51341,5,1,3,4,1
51342,5,1,3,4,2
51343,5,1,3,4,3
51344,5,1,3,4,4
51345,5,1,3,4,5
51351,5,1,3,5,1
51352,5,1,3,5,2
51353,5,1,3,5,3
51354,5,1,3,5,4
51355,5,1,3,5,5
51411,5,1,4,1,1
51412,5,1,4,1,2
51413,5,1,4,1,3
51414,5,1,4,1,4
51415,5,1,4,1,5
51421,5,1,4,2,1
51422,5,1,4,2,2
51423,5,1,4,2,3
51424,5,1,4,2,4
51425,5,1,4,2,5
51431,5,1,4,3,1
51432,5,1,4,3,2
51433,5,1,4,3,3
51434,5,1,4,3,4
51435,5,1,4,3,5
51441,5,1,4,4,1
51442,5,1,4,4,2
51443,5,1,4,4,3
51444,5,1,4,4,4
51445,5,1,4,4,5
51451,5,1,4,5,1
51452,5,1,4,5,2
51453,5,1,4,5,3
51454,5,1,4,5,4
51455,5,1,4,5,5
51511,5,1,5,1,1
51512,5,1,5,1,2
51513,5,1,5,1,3
51514,5,1,5,1,4
51515,5,1,5,1,5
51521,5,1,5,2,1
51522,5,1,5,2,2
51523,5,1,5,2,3
51524,5,1,5,2,4
51525,5,1,5,2,5
51531,5,1,5,3,1
51532,5,1,5,3,2
51533,5,1,5,3,3
51534,5,1,5,3,4
51535,5,1,5,3,5
51541,5,1,5,4,1
51542,5,1,5,4,2
51543,5,1,5,4,3
51544,5,1,5,4,4
51545,5,1,5,4,5
51551,5,1,5,5,1
51552,5,1,5,5,2
51553,5,1,5,5,3
51554,5,1,5,5,4
51555,5,1,5,5,5
52111,5,2,1,1,1
52112,5,2,1,1,2
52113,5,2,1,1,3
52114,5,2,1,1,4
52115,5,2,1,1,5
52121,5,2,1,2,1
52122,5,2,1,2,2
52123,5,2,1,2,3
52124,5,2,1,2,4
52125,5,2,1,2,5
52131,5,2,1,3,1
52132,5,2,1,3,2
52133,5,2,1,3,3
52134,5,2,1,3,4
52135,5,2,1,3,5
52141,5,2,1,4,1
52142,5,2,1,4,2
52143,5,2,1,4,3
52144,5,2,1,4,4
52145,5,2,1,4,5
52151,5,2,1,5,1
52152,5,2,1,5,2
52153,5,2,1,5,3
52154,5,2,1,5,4
52155,5,2,1,5,5
52211,5,2,2,1,1
52212,5,2,2,1,2
52213,5,2,2,1,3
52214,5,2,2,1,4
52215,5,2,2,1,5
52221,5,2,2,2,1
52222,5,2,2,2,2
52223,5,2,2,2,3
52224,5,2,2,2,4
52225,5,2,2,2,5
52231,5,2,2,3,1
52232,5,2,2,3,2
52233,5,2,2,3,3
52234,5,2,2,3,4
52235,5,2,2,3,5
52241,5,2,2,4,1
52242,5,2,2,4,2
52243,5,2,2,4,3
52244,5,2,2,4,4
52245,5,2,2,4,5
52251,5,2,2,5,1
52252,5,2,2,5,2
52253,5,2,2,5,3
52254,5,2,2,5,4
52255,5,2,2,5,5
52311,5,2,3,1,1
52312,5,2,3,1,2
52313,5,2,3,1,3
52314,5,2,3,1,4
52315,5,2,3,1,5
52321,5,2,3,2,1
52322,5,2,3,2,2
52323,5,2,3,2,3
52324,5,2,3,2,4
52325,5,2,3,2,5
52331,5,2,3,3,1
52332,5,2,3,3,2
52333,5,2,3,3,3
52334,5,2,3,3,4
52335,5,2,3,3,5
52341,5,2,3,4,1
52342,5,2,3,4,2
52343,5,2,3,4,3
52344,5,2,3,4,4
52345,5,2,3,4,5
52351,5,2,3,5,1
52352,5,2,3,5,2
52353,5,2,3,5,3
52354,5,2,3,5,4
52355,5,2,3,5,5
52411,5,2,4,1,1
52412,5,2,4,1,2
52413,5,2,4,1,3
52414,5,2,4,1,4
52415,5,2,4,1,5
52421,5,2,4,2,1
52422,5,2,4,2,2
52423,5,2,4,2,3
52424,5,2,4,2,4
52425,5,2,4,2,5
52431,5,2,4,3,1
52432,5,2,4,3,2
52433,5,2,4,3,3
52434,5,2,4,3,4
52435,5,2,4,3,5
52441,5,2,4,4,1
52442,5,2,4,4,2
52443,5,2,4,4,3
52444,5,2,4,4,4
52445,5,2,4,4,5
52451,5,2,4,5,1
52452,5,2,4,5,2
52453,5,2,4,5,3
52454,5,2,4,5,4
52455,5,2,4,5,5
52511,5,2,5,1,1
52512,5,2,5,1,2
52513,5,2,5,1,3
52514,5,2,5,1,4
52515,5,2,5,1,5
52521,5,2,5,2,1
52522,5,2,5,2,2
52523,5,2,5,2,3
52524,5,2,5,2,4
52525,5,2,5,2,5
52531,5,2,5,3,1
52532,5,2,5,3,2
52533,5,2,5,3,3
52534,5,2,5,3,4
52535,5,2,5,3,5
52541,5,2,5,4,1
52542,5,2,5,4,2
52543,5,2,5,4,3
52544,5,2,5,4,4
52545,5,2,5,4,5
52551,5,2,5,5,1
52552,5,2,5,5,2
52553,5,2,5,5,3
52554,5,2,5,5,4
52555,5,2,5,5,5
53111,5,3,1,1,1
53112,5,3,1,1,2
53113,5,3,1,1,3
53114,5,3,1,1,4
53115,5,3,1,1,5
53121,5,3,1,2,1
53122,5,3,1,2,2
53123,5,3,1,2,3
53124,5,3,1,2,4
53125,5,3,1,2,5
53131,5,3,1,3,1
53132,5,3,1,3,2
53133,5,3,1,3,3
53134,5,3,1,3,4
53135,5,3,1,3,5
53141,5,3,1,4,1
53142,5,3,1,4,2
53143,5,3,1,4,3
53144,5,3,1,4,4
53145,5,3,1,4,5
53151,5,3,1,5,1
53152,5,3,1,5,2
53153,5,3,1,5,3
53154,5,3,1,5,4
53155,5,3,1,5,5
53211,5,3,2,1,1
53212,5,3,2,1,2
53213,5,3,2,1,3
53214,5,3,2,1,4
53215,5,3,2,1,5
53221,5,3,2,2,1
53222,5,3,2,2,2
53223,5,3,2,2,3
53224,5,3,2,2,4
53225,5,3,2,2,5
53231,5,3,2,3,1
53232,5,3,2,3,2
53233,5,3,2,3,3
53234,5,3,2,3,4
53235,5,3,2,3,5
53241,5,3,2,4,1
53242,5,3,2,4,2
53243,5,3,2,4,3
53244,5,3,2,4,4
53245,5,3,2,4,5
53251,5,3,2,5,1
53252,5,3,2,5,2
53253,5,3,2,5,3
53254,5,3,2,5,4
53255,5,3,2,5,5
53311,5,3,3,1,1
53312,5,3,3,1,2
53313,5,3,3,1,3
53314,5,3,3,1,4
53315,5,3,3,1,5
53321,5,3,3,2,1
53322,5,3,3,2,2
53323,5,3,3,2,3
53324,5,3,3,2,4
53325,5,3,3,2,5
53331,5,3,3,3,1
53332,5,3,3,3,2
53333,5,3,3,3,3
53334,5,3,3,3,4
53335,5,3,3,3,5
53341,5,3,3,4,1
53342,5,3,3,4,2
53343,5,3,3,4,3
53344,5,3,3,4,4
53345,5,3,3,4,5
53351,5,3,3,5,1
53352,5,3,3,5,2
53353,5,3,3,5,3
53354,5,3,3,5,4
53355,5,3,3,5,5
53411,5,3,4,1,1
53412,5,3,4,1,2
53413,5,3,4,1,3
53414,5,3,4,1,4
53415,5,3,4,1,5
53421,5,3,4,2,1
53422,5,3,4,2,2
53423,5,3,4,2,3
53424,5,3,4,2,4
53425,5,3,4,2,5
53431,5,3,4,3,1
53432,5,3,4,3,2
53433,5,3,4,3,3
53434,5,3,4,3,4
53435,5,3,4,3,5
53441,5,3,4,4,1
53442,5,3,4,4,2
53443,5,3,4,4,3
53444,5,3,4,4,4
53445,5,3,4,4,5
53451,5,3,4,5,1
53452,5,3,4,5,2
53453,5,3,4,5,3
53454,5,3,4,5,4
53455,5,3,4,5,5
53511,5,3,5,1,1
53512,5,3,5,1,2
53513,5,3,5,1,3
53514,5,3,5,1,4
53515,5,3,5,1,5
53521,5,3,5,2,1
53522,5,3,5,2,2
53523,5,3,5,2,3
53524,5,3,5,2,4
53525,5,3,5,2,5
53531,5,3,5,3,1
53532,5,3,5,3,2
53533,5,3,5,3,3
53534,5,3,5,3,4
53535,5,3,5,3,5
53541,5,3,5,4,1
53542,5,3,5,4,2
53543,5,3,5,4,3
53544,5,3,5,4,4
53545,5,3,5,4,5
53551,5,3,5,5,1
53552,5,3,5,5,2
53553,5,3,5,5,3
53554,5,3,5,5,4
53555,5,3,5,5,5
54111,5,4,1,1,1
54112,5,4,1,1,2
54113,5,4,1,1,3
54114,5,4,1,1,4
54115,5,4,1,1,5
54121,5,4,1,2,1
54122,5,4,1,2,2
54123,5,4,1,2,3
54124,5,4,1,2,4
54125,5,4,1,2,5
54131,5,4,1,3,1
54132,5,4,1,3,2
54133,5,4,1,3,3
54134,5,4,1,3,4
54135,5,4,1,3,5
54141,5,4,1,4,1
54142,5,4,1,4,2
54143,5,4,1,4,3
54144,5,4,1,4,4
54145,5,4,1,4,5
54151,5,4,1,5,1
54152,5,4,1,5,2
54153,5,4,1,5,3
54154,5,4,1,5,4
54155,5,4,1,5,5
54211,5,4,2,1,1
54212,5,4,2,1,2
54213,5,4,2,1,3
54214,5,4,2,1,4
54215,5,4,2,1,5
54221,5,4,2,2,1
54222,5,4,2,2,2
54223,5,4,2,2,3
54224,5,4,2,2,4
54225,5,4,2,2,5
54231,5,4,2,3,1
54232,5,4,2,3,2
54233,5,4,2,3,3
54234,5,4,2,3,4
54235,5,4,2,3,5
54241,5,4,2,4,1
54242,5,4,2,4,2
54243,5,4,2,4,3
54244,5,4,2,4,4
54245,5,4,2,4,5
54251,5,4,2,5,1
54252,5,4,2,5,2
54253,5,4,2,5,3
54254,5,4,2,5,4
54255,5,4,2,5,5
54311,5,4,3,1,1
54312,5,4,3,1,2
54313,5,4,3,1,3
54314,5,4,3,1,4
54315,5,4,3,1,5
54321,5,4,3,2,1
54322,5,4,3,2,2
54323,5,4,3,2,3
54324,5,4,3,2,4
54325,5,4,3,2,5
54331,5,4,3,3,1
54332,5,4,3,3,2
54333,5,4,3,3,3
54334,5,4,3,3,4
54335,5,4,3,3,5
54341,5,4,3,4,1
54342,5,4,3,4,2
54343,5,4,3,4,3
54344,5,4,3,4,4
54345,5,4,3,4,5
54351,5,4,3,5,1
54352,5,4,3,5,2
54353,5,4,3,5,3
54354,5,4,3,5,4
54355,5,4,3,5,5
54411,5,4,4,1,1
54412,5,4,4,1,2
54413,5,4,4,1,3
54414,5,4,4,1,4
54415,5,4,4,1,5
54421,5,4,4,2,1
54422,5,4,4,2,2
54423,5,4,4,2,3
54424,5,4,4,2,4
54425,5,4,4,2,5
54431,5,4,4,3,1
54432,5,4,4,3,2
54433,5,4,4,3,3
54434,5,4,4,3,4
54435,5,4,4,3,5
54441,5,4,4,4,1
54442,5,4,4,4,2
54443,5,4,4,4,3
54444,5,4,4,4,4
54445,5,4,4,4,5
54451,5,4,4,5,1
54452,5,4,4,5,2
54453,5,4,4,5,3
54454,5,4,4,5,4
54455,5,4,4,5,5
54511,5,4,5,1,1
54512,5,4,5,1,2
54513,5,4,5,1,3
54514,5,4,5,1,4
54515,5,4,5,1,5
54521,5,4,5,2,1
54522,5,4,5,2,2
54523,5,4,5,2,3
54524,5,4,5,2,4
54525,5,4,5,2,5
54531,5,4,5,3,1
54532,5,4,5,3,2
54533,5,4,5,3,3
54534,5,4,5,3,4
54535,5,4,5,3,5
54541,5,4,5,4,1
54542,5,4,5,4,2
54543,5,4,5,4,3
54544,5,4,5,4,4
54545,5,4,5,4,5
54551,5,4,5,5,1
54552,5,4,5,5,2
54553,5,4,5,5,3
54554,5,4,5,5,4
54555,5,4,5,5,5
55111,5,5,1,1,1
55112,5,5,1,1,2
55113,5,5,1,1,3
55114,5,5,1,1,4
55115,5,5,1,1,5
55121,5,5,1,2,1
55122,5,5,1,2,2
55123,5,5,1,2,3
55124,5,5,1,2,4
55125,5,5,1,2,5
55131,5,5,1,3,1
55132,5,5,1,3,2
55133,5,5,1,3,3
55134,5,5,1,3,4
55135,5,5,1,3,5
55141,5,5,1,4,1
55142,5,5,1,4,2
55143,5,5,1,4,3
55144,5,5,1,4,4
55145,5,5,1,4,5
55151,5,5,1,5,1
55152,5,5,1,5,2
55153,5,5,1,5,3
55154,5,5,1,5,4
55155,5,5,1,5,5
55211,5,5,2,1,1
55212,5,5,2,1,2
55213,5,5,2,1,3
55214,5,5,2,1,4
55215,5,5,2,1,5
55221,5,5,2,2,1
55222,5,5,2,2,2
55223,5,5,2,2,3
55224,5,5,2,2,4
55225,5,5,2,2,5
55231,5,5,2,3,1
55232,5,5,2,3,2
55233,5,5,2,3,3
55234,5,5,2,3,4
55235,5,5,2,3,5
55241,5,5,2,4,1
55242,5,5,2,4,2
55243,5,5,2,4,3
55244,5,5,2,4,4
55245,5,5,2,4,5
55251,5,5,2,5,1
55252,5,5,2,5,2
55253,5,5,2,5,3
55254,5,5,2,5,4
55255,5,5,2,5,5
55311,5,5,3,1,1
55312,5,5,3,1,2
55313,5,5,3,1,3
55314,5,5,3,1,4
55315,5,5,3,1,5
55321,5,5,3,2,1
55322,5,5,3,2,2
55323,5,5,3,2,3
55324,5,5,3,2,4
55325,5,5,3,2,5
55331,5,5,3,3,1
55332,5,5,3,3,2
55333,5,5,3,3,3
55334,5,5,3,3,4
55335,5,5,3,3,5
55341,5,5,3,4,1
55342,5,5,3,4,2
55343,5,5,3,4,3
55344,5,5,3,4,4
55345,5,5,3,4,5
55351,5,5,3,5,1
55352,5,5,3,5,2
55353,5,5,3,5,3
55354,5,5,3,5,4
55355,5,5,3,5,5
55411,5,5,4,1,1
55412,5,5,4,1,2
55413,5,5,4,1,3
55414,5,5,4,1,4
55415,5,5,4,1,5
55421,5,5,4,2,1
55422,5,5,4,2,2
55423,5,5,4,2,3
55424,5,5,4,2,4
55425,5,5,4,2,5
55431,5,5,4,3,1
55432,5,5,4,3,2
55433,5,5,4,3,3
55434,5,5,4,3,4
55435,5,5,4,3,5
55441,5,5,4,4,1
55442,5,5,4,4,2
55443,5,5,4,4,3
55444,5,5,4,4,4
55445,5,5,4,4,5
55451,5,5,4,5,1
55452,5,5,4,5,2
55453,5,5,4,5,3
55454,5,5,4,5,4
55455,5,5,4,5,5
55511,5,5,5,1,1
55512,5,5,5,1,2
55513,5,5,5,1,3
55514,5,5,5,1,4
55515,5,5,5,1,5
55521,5,5,5,2,1
55522,5,5,5,2,2
55523,5,5,5,2,3
55524,5,5,5,2,4
55525,5,5,5,2,5
55531,5,5,5,3,1
55532,5,5,5,3,2
55533,5,5,5,3,3
55534,5,5,5,3,4
55535,5,5,5,3,5
55541,5,5,5,4,1
55542,5,5,5,4,2
55543,5,5,5,4,3
55544,5,5,5,4,4
55545,5,5,5,4,5
55551,5,5,5,5,1
55552,5,5,5,5,2
55553,5,5,5,5,3
55554,5,5,5,5,4
55555,5,5,5,5,5
